id,nickname,registertime,type,friend_num,fan_num,richlevel,starlevel
178590980,vtsigqkxe966,"2017-02-05 17:01:35",tencent,0,0,0,0
246828841,02321313131313,"2018-09-07 23:25:39",phone,0,0,0,0
178874521,pveedvxjd859,"2017-02-08 14:53:14",tencent,0,0,0,0
178565951,178565951,"2017-02-05 11:44:25",tencent,0,0,0,0
178863127,dfdfdjdl,"2017-02-08 12:46:13",tencent,0,0,0,0
178587070,ltkwlkrmc407,"2017-02-05 16:19:25",tencent,0,0,0,0
178862958,jssyhcfza371,"2017-02-08 12:42:46",tencent,0,0,0,0
178566776,oyuazmvhg853,"2017-02-05 11:54:42",tencent,0,0,0,0
178872544,7552512.3,"2017-02-08 14:31:47",tencent,0,0,0,0
178861384,fakyyyyyğŸ‘Œ,"2017-02-08 12:26:53",tencent,0,0,0,0
178589255,qhuupsegg770,"2017-02-05 16:42:39",tencent,0,0,0,0
178565783,fikzwlxcq573,"2017-02-05 11:42:06",tencent,0,0,0,0
211645587,ç§‘è·ªç€æ±‚æˆ‘å§@,"2018-01-02 12:27:14",weibo,1,109,0,0
242044447,å€’éœ‰315355,"2018-07-22 09:50:30",tencent,0,0,0,0
178582150,wvwfdsehf435,"2017-02-05 15:21:45",tencent,0,0,0,0
178864567,ybumiojpx876,"2017-02-08 13:04:28",tencent,0,0,0,0
145628190,å‹¿å¿˜æˆ‘ğŸ”¥,"2016-07-12 15:20:22",weixin,1,3,1,0
178588425,jwkumclid144,"2017-02-05 16:33:40",tencent,0,0,0,0
178860064,xbcvsvqek049,"2017-02-08 12:07:07",tencent,0,0,0,0
178589576,nxzsugjmm646,"2017-02-05 16:48:51",tencent,0,0,0,0
249412091,249412091,"2018-10-06 03:12:13",phone,1,2,0,0
178566388,fcgomugeh226,"2017-02-05 11:50:56",tencent,0,0,0,0
178861276,ğŸŒ¸ğŸŒ¸ğŸŒ¸simple1713,"2017-02-08 12:23:11",tencent,0,0,0,0
178584489,hknryqrwh680,"2017-02-05 15:49:50",tencent,0,0,0,0
178871205,aecgionkt140,"2017-02-08 14:17:15",tencent,0,0,0,0
246831108,oadog742jwyc,"2018-09-07 23:48:03",phone,0,0,0,0
178589347,fhddkzxwj424,"2017-02-05 16:43:38",tencent,0,0,0,0
178860285,ğŸŒ¾88980998ğŸŒ¹,"2017-02-08 12:11:29",tencent,0,0,0,0
178568177,uyoikzfsj608,"2017-02-05 12:16:21",tencent,0,0,0,0
178861181,fnijsaslj160,"2017-02-08 12:22:03",tencent,0,0,0,0
183340318,å¹´ä¹‹è”º,"2017-04-01 08:23:09",weibo,0,19,0,0
178865628,ğŸŒ¸ğŸŒ¸å®è´ZAQ444,"2017-02-08 13:16:09",tencent,0,0,0,0
178863608,ğŸŒºfoolishant9,"2017-02-08 12:52:16",tencent,0,0,0,0
211645662,è‰˜è¾“è¿‡æ¨è¿‡æˆ‘æ€•å•¥,"2018-01-02 12:28:12",weibo,1,1,0,0
178562410,yhzzamaow142,"2017-02-05 10:54:23",tencent,0,0,0,0
178872438,qvuozmigt010,"2017-02-08 14:33:09",tencent,1,0,0,0
182033847,æ½‡æ´’ä¸€å“¥ğŸ¸,"2017-03-18 11:57:00",phone,0,3,0,0
178589855,ielbvqlku483,"2017-02-05 16:49:17",tencent,0,0,0,0
178568232,178568232,"2017-02-05 12:17:14",tencent,0,0,0,0
178869165,finjlfjrz564,"2017-02-08 13:54:42",tencent,0,0,0,0
178568603,aljhqezwm278,"2017-02-05 12:22:28",tencent,0,0,0,0
178591804,xiomzlhwg04,"2017-02-05 17:10:30",tencent,1,0,0,0
178598951,mylgmlzrm268,"2017-02-05 18:30:02",tencent,0,0,0,0
178874330,zghnvspci736,"2017-02-08 14:51:13",tencent,0,0,0,0
178568200,hllwkkckq627,"2017-02-05 12:16:41",tencent,0,0,0,0
178564768,idaceanql092,"2017-02-05 11:27:13",tencent,0,0,0,0
178569236,urkubnrzu894,"2017-02-05 12:34:23",tencent,0,0,0,0
178563256,178563256,"2017-02-05 11:05:51",tencent,0,0,0,0
247121831,65234543534523453,"2018-09-11 10:34:14",weixin,0,0,0,0
178860271,ğŸŒ¾karas86,"2017-02-08 12:11:15",tencent,0,0,0,0
178592029,zisjltxoi703,"2017-02-05 17:12:52",tencent,0,0,0,0
178567119,178567119,"2017-02-05 12:01:20",tencent,0,0,0,0
246814038,å¯ç–‘å¹¿å‘Š246814038,"2018-09-07 21:41:47",weibo,0,0,0,0
178862886,cunmjffdf448,"2017-02-08 12:43:08",tencent,0,0,0,0
226700838,iciousã€‚ğŸ‘‰,"2018-03-19 00:08:31",phone,0,0,0,0
178563742,zrtpuwnvz178,"2017-02-05 11:12:57",tencent,0,0,0,0
178863784,ğŸŒ»ç‘¶çƒŸ84,"2017-02-08 12:54:31",tencent,0,0,0,0
246829820,246829820,"2018-09-07 23:35:16",phone,0,0,0,0
178866702,rosmhzyrw178,"2017-02-08 13:27:46",tencent,0,0,0,0
178590699,geijznmrd601,"2017-02-05 17:02:38",tencent,0,0,0,0
178868454,4444774444444,"2017-02-08 13:50:44",tencent,0,0,0,0
178870811,mgjzisyvx331,"2017-02-08 14:12:57",tencent,0,0,0,0
178582330,zuucgcxvi295,"2017-02-05 15:24:19",tencent,0,0,0,0
178598678,zrhpcvzzk686,"2017-02-05 18:31:01",tencent,0,0,0,0
178860389,pxxqlpmoo643,"2017-02-08 12:12:51",tencent,0,0,0,0
178581137,uggbzoyio521,"2017-02-05 15:08:39",tencent,0,0,0,0
178592558,mctezdpka488,"2017-02-05 17:18:49",tencent,0,0,0,0
178598339,178598339,"2017-02-05 18:22:59",tencent,0,0,0,0
178860748,vltjuziot582,"2017-02-08 12:16:58",tencent,0,0,0,0
115692221,æµªäººå†·é£ã€‚,"2015-12-23 19:49:44",tencent,65,475,6,6
178588697,vsndrmncd043,"2017-02-05 16:34:45",tencent,0,0,0,0
178584882,ejuszpwqh006,"2017-02-05 15:54:28",tencent,0,0,0,0
178591391,caahaljij887,"2017-02-05 17:05:58",tencent,0,0,0,0
178861593,anjshian1ğŸŒ¹,"2017-02-08 12:26:48",tencent,0,0,0,0
246829909,kxpyv657jzjk,"2018-09-07 23:36:08",phone,0,0,0,0
178582399,fderhpdov885,"2017-02-05 15:24:58",tencent,0,0,0,0
178566475,178566475,"2017-02-05 11:52:28",tencent,0,0,0,0
178865410,wvraqtyku342,"2017-02-08 13:13:44",tencent,0,0,0,0
178869097,qsluksieo847,"2017-02-08 13:58:05",tencent,0,0,0,0
178568799,bdppqgyao962,"2017-02-05 12:25:33",tencent,0,0,0,0
178565621,32415234234214,"2017-02-05 11:39:44",tencent,0,0,0,0
178863642,gebktansx837,"2017-02-08 12:52:46",tencent,0,0,0,0
178563125,178563125,"2017-02-05 11:04:11",tencent,0,0,0,0
178582359,yxywbqetw422,"2017-02-05 15:24:36",tencent,0,0,0,0
178568873,mixcudsrv981,"2017-02-05 12:29:10",tencent,0,0,0,0
178861573,88980992ğŸ˜…ğŸ˜…,"2017-02-08 12:26:34",tencent,0,0,0,0
245835547,æ‡‚905716,"2018-08-27 22:48:45",phone,0,1,1,0
178863051,ğŸ˜zhaskğŸŒ¹,"2017-02-08 12:43:34",tencent,0,0,0,0
178566655,ehxjmnzkk371,"2017-02-05 11:54:58",tencent,0,0,0,0
178598873,unthmxxhp668,"2017-02-05 18:31:30",tencent,0,0,0,0
244945314,244945314,"2018-08-18 19:50:24",tencent,0,0,0,0
178859983,ğŸ˜®ma2468ğŸ’,"2017-02-08 12:07:22",tencent,0,0,0,0
178566086,zrdjsnfdb919,"2017-02-05 11:50:34",tencent,0,0,0,0
178563459,999996543,"2017-02-05 11:07:08",tencent,0,0,0,0
178565534,pmsfmcnqt313,"2017-02-05 11:38:27",tencent,0,0,0,0
219700878,æˆ‘å»ä½ å¤§çˆ·çš„~,"2018-02-03 15:43:41",tencent,1,0,0,0
178860276,oisystwcb273,"2017-02-08 12:11:18",tencent,0,0,0,0
238350329,CqWXsyNtMl,"2018-06-19 08:15:34",weibo,0,0,0,0
178866986,gohbapgey371,"2017-02-08 13:30:36",tencent,0,0,0,0
178567184,qwywxtjtu144,"2017-02-05 12:06:16",tencent,0,0,0,0
178564844,342553453452234,"2017-02-05 11:28:24",tencent,0,0,0,0
178860063,jnfrttgph78,"2017-02-08 12:07:06",tencent,0,0,0,0
240941026,è¯¥ç”¨æˆ·å·²æ³¨é”€,"2018-07-12 19:38:30",phone,0,0,0,0
178862704,mmdckxwno566,"2017-02-08 12:41:01",tencent,0,0,0,0
178589110,mslnzbvkr816,"2017-02-05 16:40:48",tencent,0,0,0,0
232846351,chenï¼Œ,"2018-05-02 20:39:19",phone,0,1,3,3
178585259,xoemcvglg531,"2017-02-05 15:59:07",tencent,0,0,0,0
247126230,147258369117513,"2018-09-11 12:19:27",phone,1,1,0,0
178861039,ygrczgbeg769,"2017-02-08 12:20:22",tencent,0,0,0,0
178589360,178589360,"2017-02-05 16:43:47",tencent,2,2,0,0
178565066,byngquasn232,"2017-02-05 11:35:56",tencent,0,0,0,0
178871375,qnzbbsjdw774,"2017-02-08 14:19:00",tencent,0,0,0,0
178565502,miacmqicx889,"2017-02-05 11:38:02",tencent,0,0,0,0
178587398,lllxusyaa118,"2017-02-05 16:25:16",tencent,0,0,0,0
178566059,178566059,"2017-02-05 11:45:51",tencent,0,0,0,0
178861556,ğŸ‘£lcm3164ğŸ’,"2017-02-08 12:26:23",tencent,0,0,0,0
178587573,nzthhgvdy305,"2017-02-05 16:24:51",tencent,0,0,0,0
211646194,zfpxnfnjfr,"2018-01-02 12:34:54",weibo,1,1,0,0
246828933,å…œé£ğŸ·ğŸ·,"2018-09-07 23:26:36",phone,0,0,0,0
178863961,æå¤ªç™½126ğŸ‘‘ğŸ‘‘ğŸ‘‘,"2017-02-08 12:56:36",tencent,0,0,0,0
178867792,tukawihms798,"2017-02-08 13:38:01",tencent,0,0,0,0
178588846,wvnzncbqn522,"2017-02-05 16:37:58",tencent,0,0,0,0
178564544,65342534534532,"2017-02-05 11:24:07",tencent,0,0,0,0
203887293,MeikyManğŸ’—ğŸ’ğŸ’‹ğŸ‘‘,"2017-10-09 21:28:43",weixin,0,0,0,0
178563994,09876543213456,"2017-02-05 11:20:48",tencent,0,0,0,0
178562332,mkyyqifil023,"2017-02-05 10:53:24",tencent,0,0,0,0
178582153,dfmwvsr,"2017-02-05 15:21:48",tencent,0,0,0,0
238686348,ç™½é©¼!å±±åº„!,"2018-06-22 16:55:47",phone,0,0,0,0
178868632,axxlztxec116,"2017-02-08 13:48:20",tencent,0,0,0,0
178584292,43534534534,"2017-02-05 15:47:24",tencent,0,0,0,0
178870290,178870290,"2017-02-08 14:07:18",tencent,0,0,0,0
178873402,wfyllprlr006,"2017-02-08 14:39:04",tencent,0,0,0,0
178874174,jwfspnooj787,"2017-02-08 14:49:24",tencent,0,0,0,0
238350176,ApxCRqIQny,"2018-06-19 08:11:52",weibo,0,0,,
178582674,qzhdbldqx599,"2017-02-05 15:28:02",tencent,0,0,0,0
249643715,å¯ç–‘å¹¿å‘Š249643715,"2018-10-08 16:51:57",weibo,0,0,0,0
178564595,eucnalcyg880,"2017-02-05 11:27:05",tencent,0,0,0,0
178563085,uwmmmhnfi491,"2017-02-05 11:03:39",tencent,0,0,0,0
242854634,",72670","2018-07-29 09:12:25",tencent,0,0,0,0
178860665,58436760ğŸŒ¾,"2017-02-08 12:16:02",tencent,0,0,0,0
178862866,ğŸŒ¹ğŸŒ¹ğŸŒ¹qqlaoxie1,"2017-02-08 12:42:53",tencent,0,0,0,0
178860240,sar6531185â¤,"2017-02-08 12:10:53",tencent,0,0,0,0
178865154,digfhmtwv634,"2017-02-08 13:11:08",tencent,0,0,0,0
238350192,LRPVFLRJFV,"2018-06-19 08:12:17",weibo,0,0,0,0
178565038,178565038,"2017-02-05 11:31:21",tencent,0,0,0,0
178865448,ğŸ’a4223768ğŸŒ»,"2017-02-08 13:14:06",tencent,0,0,0,0
178581184,lltcycadv422,"2017-02-05 15:09:09",tencent,0,0,0,0
178874470,bvuodedav729,"2017-02-08 14:52:38",tencent,0,0,0,0
178589771,dqdzpprwq979,"2017-02-05 16:48:19",tencent,0,0,0,0
178863083,lfkhlsdhfl,"2017-02-08 12:45:38",tencent,0,0,0,0
178873947,åœ¨è¾¹.ä¸Š,"2017-02-08 14:45:13",tencent,0,0,0,0
178860921,17802145ï¼Œ,"2017-02-08 12:19:09",tencent,0,0,0,0
178580035,nuucweoyk030,"2017-02-05 14:57:37",tencent,0,0,0,0
178861524,djfdjfkd8,"2017-02-08 12:26:06",tencent,0,0,0,0
178864476,jhxlgxğŸ˜®ğŸ˜®,"2017-02-08 13:03:25",tencent,0,0,0,0
178874221,mxfkhneal046,"2017-02-08 14:49:56",tencent,0,0,0,0
178583468,otlebzbzn373,"2017-02-05 15:40:01",tencent,0,0,0,0
178583101,jdnhwaswm816,"2017-02-05 15:33:00",tencent,0,0,0,0
178591390,mxmuufuhh124,"2017-02-05 17:05:58",tencent,0,0,0,0
178566527,178566527,"2017-02-05 11:53:12",tencent,0,0,0,0
178581225,twrftlwec140,"2017-02-05 15:09:51",tencent,0,0,0,0
178588330,yjorecacl456,"2017-02-05 16:35:05",tencent,0,0,0,0
178591845,eywyestnc060,"2017-02-05 17:10:43",tencent,0,0,0,0
178564373,178564373,"2017-02-05 11:21:40",tencent,0,0,0,0
178871285,stwopyryv929,"2017-02-08 14:17:59",tencent,0,0,0,0
178874281,pjemnynhk474,"2017-02-08 14:50:37",tencent,0,0,0,0
178863208,azwrqppec669,"2017-02-08 12:47:15",tencent,0,0,0,0
178872115,gxpuqkcni339,"2017-02-08 14:27:14",tencent,0,0,0,0
178581921,wncwqwtab001,"2017-02-05 15:18:54",tencent,0,0,0,0
178862246,è€è¡²æ³•å·æˆ‘æ›°ğŸ’,"2017-02-08 12:33:23",tencent,0,0,0,0
178583921,ofoteehec372,"2017-02-05 15:43:20",tencent,0,0,0,0
238076983,è´¨é—®çš„çˆ±,"2018-06-16 22:20:46",phone,0,0,0,0
238350325,LZXTNNLFFV,"2018-06-19 08:15:20",weibo,0,0,0,0
178874233,æ¸…ğŸ’¦é£,"2017-02-08 14:50:07",tencent,0,0,0,0
178582138,doewkrexq565,"2017-02-05 15:21:32",tencent,0,0,0,0
178860894,aohdktltc005,"2017-02-08 12:18:58",tencent,0,0,0,0
211645814,å†ˆå³©æ˜¯é‡‡èŠ±è´¼âŒ’oâŒ’,"2018-01-02 12:30:10",weibo,1,1,0,0
178582636,dwwtilgwi181,"2017-02-05 15:27:38",tencent,0,0,0,0
178564837,178564837,"2017-02-05 11:26:37",tencent,0,0,0,0
128578417,cojjskj,"2016-04-11 21:01:07",weixin,0,4,1,0
178862746,foobjlppl592,"2017-02-08 12:41:30",tencent,0,0,0,0
211646061,æŠ‘èƒ¸æ€€å¤©ä¸‹ä¸è€äºº!,"2018-01-02 12:33:09",weibo,1,3,0,0
178865858,mbtgycrpv571,"2017-02-08 13:18:56",tencent,0,0,0,0
178589571,zvhhrhnzf064,"2017-02-05 16:48:48",tencent,0,0,0,0
178591053,olmypxcfp063,"2017-02-05 17:04:30",tencent,0,0,0,0
238350281,rwsTHAFOdz,"2018-06-19 08:14:14",weibo,0,0,0,0
178598030,ghpgzhlzj967,"2017-02-05 18:21:56",tencent,0,0,0,0
245740548,é›¨è¿‡å¤©æƒ…ğŸ’‹,"2018-08-26 21:58:02",phone,0,3,3,0
178871066,xovlqqgbp342,"2017-02-08 14:15:42",tencent,0,0,0,0
178870454,cxtpqdgzk571,"2017-02-08 14:09:07",tencent,0,0,0,0
178873676,xotvtsywq547,"2017-02-08 14:43:35",tencent,1,0,0,0
178565338,178565338,"2017-02-05 11:35:56",tencent,0,0,0,0
238350270,PoKAwBzRzt,"2018-06-19 08:14:00",weibo,0,0,0,0
178859786,ğŸ‘€w65139661,"2017-02-08 12:04:43",tencent,0,0,0,0
178567519,178567519,"2017-02-05 12:06:52",tencent,0,0,0,0
178873897,vbaqvdknv625,"2017-02-08 14:46:19",tencent,1,1,0,0
178862900,fwnnrwcep245,"2017-02-08 12:43:19",tencent,0,0,0,0
178565560,jymqgxdpj219,"2017-02-05 11:41:03",tencent,0,0,0,0
178859836,178859836,"2017-02-08 12:05:32",tencent,0,0,0,0
178565646,mxhxhyygg736,"2017-02-05 11:40:05",tencent,0,0,0,0
246831182,fgfhfhghj,"2018-09-07 23:48:59",phone,0,0,0,0
178860556,ğŸŒ·ç†ŠçŒ«ä¹‹å­ğŸ˜ˆ,"2017-02-08 12:14:48",tencent,0,0,0,0
178865376,wefdağŸ˜ˆ,"2017-02-08 13:16:02",tencent,0,0,0,0
178590190,zssxwnnkt430,"2017-02-05 16:53:15",tencent,0,0,0,0
178865962,uraxijcsw315,"2017-02-08 13:20:07",tencent,0,0,0,0
178582808,mjefrpfoz819,"2017-02-05 15:33:38",tencent,0,0,0,0
178861993,orbvdxxhk900,"2017-02-08 12:31:47",tencent,0,0,0,0
236932672,æ­Œæ‰‹æ—ç¾æ¬£é’æ¾æŒºä¸”ç›´,"2018-06-06 07:00:28",phone,36,122,0,1
178860606,ğŸŒ¾å®å½“æ¨±,"2017-02-08 12:15:20",tencent,0,0,0,0
202500301,ä½ çš„å°è¿·å¼Ÿ,"2017-09-24 11:56:16",tencent,0,0,0,0
178563151,cfcjoplyk028,"2017-02-05 11:04:30",tencent,0,0,0,0
178862055,uzvntimfx773,"2017-02-08 12:32:27",tencent,0,2,0,0
178867573,8655631,"2017-02-08 13:37:26",tencent,0,0,0,0
178868052,vwvsinqrs484,"2017-02-08 13:42:22",tencent,0,8,0,0
178563267,cjlsxwmhm140,"2017-02-05 11:06:01",tencent,0,0,0,0
178865171,ğŸ‘£ğŸ‘£jiaoxiang0532,"2017-02-08 13:09:59",tencent,0,0,0,0
178563541,kogcqohza912,"2017-02-05 11:10:00",tencent,0,0,0,0
178871658,ä¸åƒä½ æ—¶é—´å°±æ˜¯ã€‚ã€‚ã€‚ã€‚è¿˜,"2017-02-08 14:22:13",tencent,0,0,0,0
178588148,pxzvazamu654,"2017-02-05 16:29:11",tencent,0,0,0,0
178562778,iafykzgby404,"2017-02-05 11:01:59",tencent,0,0,0,0
178585658,ifmfwie,"2017-02-05 16:04:07",tencent,0,0,0,0
178565956,oqosifadx512,"2017-02-05 11:44:29",tencent,0,0,0,0
178582209,lxfyzdpox242,"2017-02-05 15:22:45",tencent,0,0,0,0
178588875,umjogdiqs775,"2017-02-05 16:36:43",tencent,0,0,0,0
167969107,167969107,"2016-11-04 14:59:56",tencent,44,34,3,0
178860747,æ€¥æ€¥å°ç½—ğŸ‘ğŸ‘ğŸ‘,"2017-02-08 12:16:57",tencent,0,0,0,0
211646369,è²Œã€ƒè—è¦–ã„äº½ã€ƒ(,"2018-01-02 12:37:07",weibo,1,1,0,0
178586622,ezgmjznxd976,"2017-02-05 16:14:26",tencent,0,0,0,0
178566070,nidceflju723,"2017-02-05 11:46:02",tencent,0,0,0,0
207289324,mmm11368801,"2017-11-22 20:30:54",tencent,7,7,0,0
178567754,hfaoohzkk059,"2017-02-05 12:10:17",tencent,0,0,0,0
178568233,zzyycgtqv365,"2017-02-05 12:17:14",tencent,1,0,0,0
178584606,gaqgwxxrw330,"2017-02-05 15:51:08",tencent,0,0,0,0
246791694,å¯ç–‘å¹¿å‘Š246791694,"2018-09-07 18:48:54",phone,0,3,0,0
178863294,dzqcyozgq104,"2017-02-08 12:48:16",tencent,0,0,0,0
178562982,izzmarcbg280,"2017-02-05 11:00:32",tencent,0,0,0,0
236133618,Janeæ˜¯é‡ğŸ”ä¹±è¸¢äºº,"2018-05-29 19:47:43",tencent,12,2,0,0
244889355,896632313,"2018-08-18 08:51:45",tencent,0,0,0,0
178579576,mdwwczkws782,"2017-02-05 14:47:40",tencent,0,0,0,0
178565178,umqljtgil650,"2017-02-05 11:33:29",tencent,0,0,0,0
178862779,hbvdbnsyq947,"2017-02-08 12:41:59",tencent,0,0,0,0
178860778,zsglwsrvj697,"2017-02-08 12:15:46",tencent,0,0,0,0
178871505,ofkpqdqyo266,"2017-02-08 14:20:31",tencent,0,0,0,0
178582139,rrvxvtcyj837,"2017-02-05 15:21:32",tencent,0,0,0,0
68260051,å¶å°”èƒ½åƒé¥±,"2014-10-12 22:30:16",tencent,3,0,0,0
62089359,å“‘å·´æ­Œæ‰‹8,"2014-08-02 17:44:42",tencent,217,54,0,0
178582264,bchhsmdqy807,"2017-02-05 15:23:24",tencent,0,0,0,0
178587345,å•µmmmm,"2017-02-05 16:22:20",tencent,0,0,0,0
238350257,VPXPLRXXVH,"2018-06-19 08:13:46",weibo,0,0,0,0
178860139,xdjrjzqoh935,"2017-02-08 12:09:24",tencent,0,0,0,0
178579952,tmondtehr508,"2017-02-05 14:54:04",tencent,0,0,0,0
178567122,qnarnejpm903,"2017-02-05 12:01:21",tencent,0,0,0,0
178865551,wbkhdivzu191,"2017-02-08 13:13:37",tencent,0,0,0,0
178865304,zb252986994ğŸ€,"2017-02-08 13:12:40",tencent,0,0,0,0
242857625,ç©ºè™šå¯‚å¯å†·122,"2018-07-29 10:01:50",tencent,0,0,0,0
178564718,dxypslfyb079,"2017-02-05 11:26:27",tencent,0,0,0,0
178592069,ylrcblikq974,"2017-02-05 17:15:57",tencent,0,0,0,0
211646122,å·~è¡—å¤´éœ¸ç‹~(,"2018-01-02 12:33:57",weibo,1,0,0,0
178587554,hdjmfewio250,"2017-02-05 16:24:37",tencent,0,0,0,0
211645447,211645447,"2018-01-02 12:25:04",weibo,1,1,0,0
178585028,nkirlklqf397,"2017-02-05 15:56:32",tencent,0,0,0,0
178584918,lgavnwgvu928,"2017-02-05 15:54:56",tencent,0,1,0,0
180312542,æ ¼æ ¼åºœğŸ’¯è²è¡£å®¢,"2017-02-25 16:46:17",phone,17,30,2,0
211645902,+é‡â€˜ä½œä¸šç»™å§é è¾¹ç«™â€™*,"2018-01-02 12:31:11",weibo,1,1,0,0
178865681,5137382ğŸŒ»ğŸŒ»,"2017-02-08 13:15:08",tencent,0,0,0,0
178866902,æ‰å­ğŸ‘‘,"2017-02-08 13:30:00",tencent,0,0,0,0
238603757,åå…«å­ğŸ¨ğŸ•,"2018-06-21 20:15:45",weixin,0,0,0,0
208718849,C.â€™å°222222ï¼ŒğŸ’‹,"2017-12-05 03:04:20",weixin,7,3,0,0
241009163,æ˜Ÿæ™—423103,"2018-07-13 12:14:05",phone,7,38,0,0
211646048,ç¥å­¦ä¸ä¼šã€æ•·è¡,"2018-01-02 12:32:58",weibo,1,1,0,0
178861620,ğŸŒ¸ğŸŒ¸ğŸŒ¸rubylai520,"2017-02-08 12:27:20",tencent,0,0,0,0
178871095,æˆ‘ä¸è®°,"2017-02-08 14:16:10",tencent,0,0,0,0
178870104,æˆ‘æ˜¯ä½ ä½ å°±çˆ¹ã€‚,"2017-02-08 14:03:35",tencent,0,0,0,0
178873777,eskvbqdlr623,"2017-02-08 14:44:51",tencent,1,0,0,0
178861196,hphbpnbne567,"2017-02-08 12:22:13",tencent,0,0,0,0
178869751,tpbrxfzxy100,"2017-02-08 14:01:27",tencent,0,0,0,0
211646108,.åŒTaè¿˜æ˜¯ä¸æ‡‚ã€‚,"2018-01-02 12:33:45",weibo,1,1,0,0
178586440,paqogncja22,"2017-02-05 16:12:33",tencent,0,0,0,0
178874612,ğŸ”¥(1701713ğŸ‘€,"2017-02-08 14:54:08",tencent,0,0,0,0
178588441,å¯ç–‘å¹¿å‘Š178588441,"2017-02-05 16:33:51",tencent,0,0,0,0
178873463,qyjymvwlx613,"2017-02-08 14:39:44",tencent,0,0,0,0
178863963,ltsh0216ï¼Œ,"2017-02-08 12:56:36",tencent,0,0,0,0
178566954,dikaqiqbu528,"2017-02-05 11:58:55",tencent,0,0,0,0
178873020,ropcjuesa150,"2017-02-08 14:36:46",tencent,0,0,0,0
178589854,yhcrwzpcd029,"2017-02-05 16:49:17",tencent,0,0,0,0
178565980,5432545345325,"2017-02-05 11:45:02",tencent,0,0,0,0
178565284,upfwvdhcy084,"2017-02-05 11:37:23",tencent,0,0,0,0
178861688,junguaiguai,"2017-02-08 12:28:10",tencent,0,0,0,0
178874096,æ—¶é—´ä¸Šã€‚è¯¾æ—¶é—´,"2017-02-08 14:48:32",tencent,0,0,0,0
178863766,lmbtotâ¤â¤9,"2017-02-08 12:54:19",tencent,0,0,0,0
233125723,çœ‰ç›®è‰³æ–°æœˆâ™¨,"2018-05-05 01:38:24",phone,0,1,0,0
247262046,ppppppppppp388758,"2018-09-12 23:33:28",phone,0,0,0,0
178564167,icsmuraln674,"2017-02-05 11:21:17",tencent,0,0,0,0
178586782,znkyxthfp902,"2017-02-05 16:16:11",tencent,0,0,0,0
178565620,lwxqaqdrt177,"2017-02-05 11:39:44",tencent,0,0,0,0
178867246,jyaiuoihe8941,"2017-02-08 13:36:26",tencent,0,0,0,0
178567701,178567701,"2017-02-05 12:09:40",tencent,0,0,0,0
178568030,akkiicbla186,"2017-02-05 12:14:24",tencent,0,0,0,0
178865812,ğŸ˜ˆğŸ˜ˆè°­è¿å®¾,"2017-02-08 13:18:24",tencent,0,0,0,0
178566554,178566554,"2017-02-05 11:53:36",tencent,0,0,0,0
178579847,178579847,"2017-02-05 14:52:40",tencent,0,0,0,0
178598936,lzdndfoqs842,"2017-02-05 18:29:55",tencent,0,0,0,0
178563197,178563197,"2017-02-05 11:05:05",tencent,0,0,0,0
178580743,fwzpqckvz915,"2017-02-05 15:06:33",tencent,0,0,0,0
178874083,æš—ã€‚æ€æ•™å®¤,"2017-02-08 14:48:21",tencent,0,0,0,0
178870739,178870739,"2017-02-08 14:16:30",tencent,0,0,0,0
178864339,54325345325345,"2017-02-08 13:01:26",tencent,0,0,0,0
178566156,178566156,"2017-02-05 11:51:33",tencent,0,0,0,0
178564197,uvplmnmzg709,"2017-02-05 11:21:40",tencent,0,0,0,0
178564726,kqranhiwv777,"2017-02-05 11:30:48",tencent,0,0,0,0
178866246,å¯ç–‘å¹¿å‘Š178866246,"2017-02-08 13:25:42",tencent,0,0,0,0
178563891,xvcmiiotu147,"2017-02-05 11:15:02",tencent,0,2,0,0
178567412,adddyrtdb586,"2017-02-05 12:05:33",tencent,0,0,0,0
178862703,fptpfhhaj197,"2017-02-08 12:41:01",tencent,0,0,0,0
178567987,ceaifyuax310,"2017-02-05 12:13:40",tencent,0,0,0,0
178563700,orsatexlm394,"2017-02-05 11:12:20",tencent,0,0,0,0
178588578,yrviaarwo769,"2017-02-05 16:39:21",tencent,0,0,0,0
178865795,ğŸ‘ŒğŸ‘ŒğŸ‘Œtufeic,"2017-02-08 13:18:13",tencent,0,0,0,0
178587025,iirsgwwcv594,"2017-02-05 16:18:54",tencent,0,0,0,0
178581857,imetlqljj928,"2017-02-05 15:18:12",tencent,0,0,0,0
178565690,178565690,"2017-02-05 11:40:41",tencent,0,0,0,0
178874049,fugbzjxvt681,"2017-02-08 14:48:00",tencent,0,0,0,0
178582357,kjqhjlxld768,"2017-02-05 15:24:35",tencent,0,0,0,0
178859719,cnwosxfem223,"2017-02-08 12:02:20",tencent,1,2,0,0
178562620,å¯ç–‘å¹¿å‘Š178562620,"2017-02-05 11:01:30",tencent,0,0,0,0
178567655,178567655,"2017-02-05 12:13:00",tencent,0,0,0,0
178589634,jvtzjzmfn790,"2017-02-05 16:49:29",tencent,0,0,0,0
205176793,ğŸ’å©‰å„¿ğŸ’ğŸ€ğŸ„ğŸ’,"2017-10-26 06:31:24",weibo,20,55,2,0
178860388,12uuuğŸ˜,"2017-02-08 12:12:51",tencent,0,0,0,0
178564271,wjvrkjhky224,"2017-02-05 11:20:13",tencent,0,0,0,0
178585979,pmedjdhbo085,"2017-02-05 16:07:39",tencent,1,0,0,0
178567611,mwsfrsauz858,"2017-02-05 12:08:07",tencent,0,0,0,0
178564627,178564627,"2017-02-05 11:23:35",tencent,0,0,0,0
178589539,vcbjnlnuw248,"2017-02-05 16:48:14",tencent,0,0,0,0
178874082,msoeamazl786,"2017-02-08 14:48:21",tencent,0,0,0,0
178869717,jdxchhotb450,"2017-02-08 14:00:54",tencent,0,0,0,0
211645567,$å€æ¶å°±s-ç»ç‰ˆã€‚,"2018-01-02 12:27:02",weibo,1,112,0,0
178568407,pvngvzhai764,"2017-02-05 12:19:41",tencent,0,0,0,0
178862940,wrgifxfyo880,"2017-02-08 12:43:54",tencent,0,0,0,0
135427218,ğŸŒ™â˜€â˜€,"2016-05-23 08:04:01",phone,85,161,5,2
178589472,aeqyuljqg998,"2017-02-05 16:45:11",tencent,0,0,0,0
178867715,9888994ã€,"2017-02-08 13:37:19",tencent,0,1,0,0
178862097,ğŸ˜ğŸ˜zhaoyong313,"2017-02-08 12:33:01",tencent,0,0,0,0
178860587,wvxeictet137,"2017-02-08 12:15:09",tencent,0,0,0,0
178565273,clyogrozv458,"2017-02-05 11:37:28",tencent,0,0,0,0
178865518,ncxwyszqq473,"2017-02-08 13:14:54",tencent,0,0,0,0
238345978,LRJLFHHZVP,"2018-06-19 05:36:20",weibo,0,0,0,0
244595315,244595315,"2018-08-15 06:32:44",tencent,0,0,0,0
178865272,fxnnuxumy856,"2017-02-08 13:12:21",tencent,0,2,0,0
178564980,lxciulspd983,"2017-02-05 11:30:28",tencent,0,0,0,0
178562386,nrfchsxwa220,"2017-02-05 10:54:01",tencent,0,0,0,0
178591930,fspmrtdzx849,"2017-02-05 17:11:46",tencent,0,0,0,0
178860155,ğŸ‘killy007ğŸ€,"2017-02-08 12:09:35",tencent,0,0,0,0
178564923,ikshsgoqc255,"2017-02-05 11:29:36",tencent,0,0,0,0
178864605,ğŸ˜‹cqzhangzhongwei,"2017-02-08 13:07:27",tencent,0,0,0,0
178590191,ijlnxynhq553,"2017-02-05 16:53:15",tencent,0,0,0,0
211646245,miqieiqkim,"2018-01-02 12:35:35",weibo,1,1,0,0
178597913,pnlgtbdrn518,"2017-02-05 18:17:58",tencent,0,0,0,0
178566472,178566472,"2017-02-05 11:52:27",tencent,0,0,0,0
246831719,246831719,"2018-09-07 23:55:15",phone,0,0,0,0
178860809,mmqvumvru877,"2017-02-08 12:17:43",tencent,1,1,0,0
178567007,178567007,"2017-02-05 11:59:38",tencent,0,0,0,0
178862910,ffcbplcim276,"2017-02-08 12:43:31",tencent,0,0,0,0
178863908,ğŸ€ãl444444,"2017-02-08 12:56:01",tencent,0,0,0,0
211645621,çº¯æˆ‘æ˜¯æ‰“ä¸æ­»çš„å°å¼º,"2018-01-02 12:27:45",weibo,0,1,0,0
178564626,178564626,"2017-02-05 11:23:35",tencent,0,0,0,0
126570854,fafawfawrwea,"2016-03-30 16:48:11",weixin,36,5,1,0
178598783,iaovibxkn837,"2017-02-05 18:28:03",tencent,1,0,0,0
246829024,246829024,"2018-09-07 23:27:25",phone,0,0,0,0
178562693,bygpdonol602,"2017-02-05 10:58:25",tencent,0,0,0,0
178873047,yvbhvknvh283,"2017-02-08 14:37:06",tencent,0,0,0,0
178874095,thbeckrfn487ä»Šå¤©,"2017-02-08 14:48:32",tencent,0,0,0,0
178567183,178567183,"2017-02-05 12:06:16",tencent,0,0,0,0
178563713,ofnzzctby610,"2017-02-05 11:12:31",tencent,0,0,0,0
247321286,å¾®å§èƒ¡ç¼–,"2018-09-13 20:15:30",weixin,0,0,,
178565700,wbinojdqh428,"2017-02-05 11:40:52",tencent,0,0,0,0
178598203,xawbtysjf785,"2017-02-05 18:24:00",tencent,0,0,0,0
178873311,gyhoraszz901,"2017-02-08 14:39:56",tencent,0,0,0,0
178861292,ğŸ‘€ğŸ‘€70700700,"2017-02-08 12:23:21",tencent,0,0,0,0
238350211,XVNNDTXVVP,"2018-06-19 08:12:34",weibo,0,0,0,0
178592652,178592652,"2017-02-05 17:22:28",tencent,0,0,0,0
178588367,qdmoliufs347,"2017-02-05 16:33:04",tencent,0,0,0,0
178867313,qntfdfsgg656,"2017-02-08 13:34:34",tencent,0,0,0,0
178564210,oxjnoaeni608,"2017-02-05 11:19:14",tencent,0,0,0,0
211645422,1çªƒä¼ª.ã€…å¤©ä½¿/,"2018-01-02 12:24:46",weibo,1,1,0,0
246830966,246830966,"2018-09-07 23:46:37",phone,0,0,0,0
191352683,y88305148,"2017-06-17 16:27:03",phone,1,0,0,0
192384885,ğŸ’ŸğŸ¥,"2017-06-24 12:06:41",weibo,0,0,0,0
178860544,ğŸ˜ğŸ˜ğŸ˜ç­éº»ä½¿94,"2017-02-08 12:14:38",tencent,0,0,0,0
178589998,rcpjsebpg639,"2017-02-05 16:51:02",tencent,0,0,0,0
178566103,546325345,"2017-02-05 11:46:39",tencent,0,0,0,0
178860496,ğŸ‘‘rikutağŸ˜‡,"2017-02-08 12:14:06",tencent,0,0,0,0
178563317,oufewimle208,"2017-02-05 11:06:34",tencent,0,2,0,0
243382809,ğŸŒ¾ä¿æŒå–„è‰¯ğŸŒ¾,"2018-08-03 09:31:12",tencent,2,5,1,0
178581968,dhknwhtep796,"2017-02-05 15:19:33",tencent,0,0,0,0
178862692,635432444,"2017-02-08 12:40:50",tencent,0,0,0,0
178859563,ğŸ‘‘ğŸ‘‘minhtruc2001,"2017-02-08 12:00:08",tencent,0,0,0,0
178874398,178874398,"2017-02-08 14:51:53",tencent,0,0,0,0
178567006,zseyembhm253,"2017-02-05 11:59:38",tencent,0,0,0,0
178865257,å†è§ä¸å›å¤´ğŸ˜ğŸ˜,"2017-02-08 13:12:10",tencent,0,0,0,0
235558915,å…¥éª¨æƒ…è¯1314,"2018-05-24 16:27:31",phone,3,19,0,0
238999646,æ±ºå¥ãƒè¯Ÿèª¨,"2018-06-25 13:12:43",weixin,0,0,0,0
244194261,244194261,"2018-08-11 09:23:04",tencent,0,0,0,0
178873645,pqbomrzmt635,"2017-02-08 14:41:40",tencent,1,0,0,0
219700171,æˆ‘æ¥äº†ğŸ˜ˆä½ åœ¨å“ª,"2018-02-03 15:39:46",tencent,0,0,0,0
178865429,ğŸ˜‡r7604823444,"2017-02-08 13:16:18",tencent,0,0,0,0
183533192,ç´«è‰²&çº¢æ‰æ ‘,"2017-04-03 05:18:20",weixin,0,0,0,0
178587979,ayofmuivq315,"2017-02-05 16:31:51",tencent,0,0,0,0
178585593,bhlokmftd858,"2017-02-05 16:03:15",tencent,0,0,0,0
178567620,hqkhdfzzx185,"2017-02-05 12:08:24",tencent,0,0,0,0
178565730,178565730,"2017-02-05 11:43:54",tencent,0,0,0,0
187204562,187204562,"2017-05-12 17:34:24",phone,18,0,0,0
211646162,å ‘å¿˜ä¸äº†ä½ çš„å¥½1,"2018-01-02 12:34:28",weibo,1,1,0,0
178581680,ududdqjdx372,"2017-02-05 15:20:11",tencent,0,0,0,0
178587904,rwysjwrzs171,"2017-02-05 16:28:24",tencent,0,0,0,0
178865600,ğŸŒ·aklfdaksl,"2017-02-08 13:15:48",tencent,0,0,0,0
178584486,tnowpblid001,"2017-02-05 15:49:49",tencent,0,0,0,0
178861743,ğŸ˜…ğŸ˜…lipeng5328,"2017-02-08 12:31:13",tencent,0,0,0,0
238350222,wfxqXkVJKM,"2018-06-19 08:12:59",weibo,0,0,,
178583469,hmgyltfae719,"2017-02-05 15:40:01",tencent,0,0,0,0
247186420,abcdef782244,"2018-09-12 00:47:30",phone,0,0,0,0
178871873,rachyeiuo734,"2017-02-08 14:23:07",tencent,0,0,0,0
242833257,",684254","2018-07-28 23:24:05",tencent,0,0,0,0
226700355,æˆ‘æ˜¯ä½ å¤§çˆ·ğŸš¬ğŸ”¥,"2018-03-19 00:04:36",phone,0,3,0,0
178874032,weilei1111111ğŸ’‹ğŸ’‹ğŸ’‹,"2017-02-08 14:47:44",tencent,0,0,0,0
178564571,lscgybbvu428,"2017-02-05 11:24:29",tencent,0,0,0,0
178860905,ğŸ˜ˆğŸ˜ˆaghrealht,"2017-02-08 12:23:11",tencent,0,0,0,0
178873603,sovwrrhbf203,"2017-02-08 14:42:49",tencent,0,0,0,0
178872553,ndzhroekb538,"2017-02-08 14:31:50",tencent,0,0,0,0
178563341,wjvzopryv174,"2017-02-05 11:09:16",tencent,0,0,0,0
178864956,ğŸ˜…ğŸ˜…zyc396907254,"2017-02-08 13:11:37",tencent,0,0,0,0
183339804,ç¼¤çº·å¤šå½©@yue,"2017-04-01 08:05:59",weibo,0,0,0,0
178584999,yecnirbic290,"2017-02-05 15:56:07",tencent,0,0,0,0
178864075,ğŸŒ»å‘³æ°‘99,"2017-02-08 12:58:01",tencent,0,0,0,0
178871910,rebrubkyh016,"2017-02-08 14:25:05",tencent,0,0,0,0
178861974,534254534534534,"2017-02-08 12:31:32",tencent,0,0,0,0
178870187,hpzftshjf835,"2017-02-08 14:06:02",tencent,0,0,0,0
178869422,ã€‚å›ç¬™æ‹‚å…®ã€‚,"2017-02-08 13:57:45",tencent,0,0,0,0
178564688,oneotcjyf065,"2017-02-05 11:30:12",tencent,0,0,0,0
178870073,htkachnco440,"2017-02-08 14:04:48",tencent,1,1,0,0
178864436,ğŸ‘£eeeeee111222,"2017-02-08 13:02:53",tencent,0,0,0,0
238350308,ZTHTRXRFDJ,"2018-06-19 08:15:05",weibo,0,0,,
178590816,guzkaebnc241,"2017-02-05 16:58:10",tencent,0,0,0,0
178563712,kmiyigkeb709,"2017-02-05 11:12:31",tencent,0,0,0,0
178564981,ctpmozcwo956,"2017-02-05 11:30:28",tencent,0,0,0,0
246829736,246829736,"2018-09-07 23:34:30",phone,0,0,0,0
178582210,bzzfynyrp901,"2017-02-05 15:22:45",tencent,0,0,0,0
216074421,48727899,"2018-01-15 20:48:22",tencent,0,0,0,0
178568159,kgfcdyoco203,"2017-02-05 12:16:09",tencent,0,0,0,0
178873677,uvqlumcmh542,"2017-02-08 14:43:36",tencent,0,0,0,0
178865615,ğŸŒ¾80271199,"2017-02-08 13:15:59",tencent,0,0,0,0
178869026,ludsyddtj613,"2017-02-08 13:53:07",tencent,0,0,0,0
178860707,ğŸ˜ˆğŸ˜ˆraocaibao,"2017-02-08 12:16:27",tencent,0,0,0,0
178861558,ğŸŒ¾é¢ ä¸‰å€’,"2017-02-08 12:26:23",tencent,0,0,0,0
178563304,xzimsxaai442,"2017-02-05 11:06:32",tencent,0,0,0,0
178874582,vydynglmv557,"2017-02-08 14:53:42",tencent,0,0,0,0
178864191,ğŸŒºğŸŒºèµ¶å¾—ä¸Šå‚é‡Œ,"2017-02-08 12:59:29",tencent,0,0,0,0
178873837,qrmreynle668,"2017-02-08 14:45:32",tencent,0,0,0,0
220764317,æˆ‘æ˜¯ä¸€ç‰‡äº‘69å¼,"2018-02-09 20:00:48",tencent,0,0,0,0
178873443,ftzuscfvq865,"2017-02-08 14:41:09",tencent,2,1,0,0
178567299,178567299,"2017-02-05 12:03:52",tencent,0,0,0,0
238350343,mypevzLmxc,"2018-06-19 08:15:51",weibo,0,0,0,0
178860167,173107908,"2017-02-08 12:09:46",tencent,0,0,0,0
178590118,limikjxli892,"2017-02-05 16:52:26",tencent,0,0,0,0
178870130,wcddsylmp565,"2017-02-08 14:05:26",tencent,0,0,0,0
178863765,52475966ğŸ’ğŸ’,"2017-02-08 12:54:19",tencent,0,0,0,0
178871208,178871208,"2017-02-08 14:17:16",tencent,0,0,0,0
178861434,taljtklth005,"2017-02-08 12:23:25",tencent,0,0,0,0
178589519,cwaiiszup349,"2017-02-05 16:44:04",tencent,0,0,0,0
178867020,tsefwfsxf099,"2017-02-08 13:33:26",tencent,0,0,0,0
178861606,ğŸ€zheng3047561ğŸŒ»,"2017-02-08 12:27:03",tencent,0,0,0,0
178859789,ğŸŒ»ğŸŒ»woaiyin,"2017-02-08 12:04:46",tencent,0,0,0,0
211646461,"çŠç¥ä½ sÃ­è€ŒÏ‰Ñ†å¢“ãƒ‡,","2018-01-02 12:38:05",weibo,1,1,0,0
178588443,kthdurmob956,"2017-02-05 16:33:51",tencent,0,0,0,0
178589532,gqwebcmdk016,"2017-02-05 16:48:11",tencent,0,0,0,0
178569047,kjylmhyva359,"2017-02-05 12:27:31",tencent,0,0,0,0
178565742,63245345234534,"2017-02-05 11:39:54",tencent,0,0,0,0
178566077,3425345235432534,"2017-02-05 11:48:49",tencent,0,0,0,0
211646343,ç¬¨å«ä½ æ»šä½ å°±æ»šè‰¹&,"2018-01-02 12:36:54",weibo,1,1,0,0
178587329,hrrfbogqf255,"2017-02-05 16:22:12",tencent,0,0,0,0
178568982,mugxttsaf314,"2017-02-05 12:28:13",tencent,1,0,0,0
178862054,dfdfdfdfdsd,"2017-02-08 12:32:27",tencent,0,0,0,0
178866054,wcyiwiytc597,"2017-02-08 13:21:16",tencent,0,0,0,0
178866318,178866318,"2017-02-08 13:24:01",tencent,0,0,0,0
178874116,178874116,"2017-02-08 14:48:51",tencent,0,0,0,0
178567210,hwfojxttu147,"2017-02-05 12:02:32",tencent,0,0,0,0
178565914,5345235434532534,"2017-02-05 11:44:05",tencent,0,0,0,0
211645727,eyckwyaiyw,"2018-01-02 12:29:03",weibo,1,1,0,0
178861331,esdymuczi700,"2017-02-08 12:26:35",tencent,0,0,0,0
178589460,pcedusabs486,"2017-02-05 16:45:01",tencent,0,0,0,0
178869927,ä¸ƒç‚¹å°±æ¯”,"2017-02-08 14:03:23",tencent,0,0,0,0
178861702,ğŸ’41339882074,"2017-02-08 12:26:44",tencent,0,0,0,0
241951406,ğŸŒ™à¹›å°ç‹,"2018-07-21 16:12:55",tencent,0,1,0,0
178563756,mcebrxvzr640,"2017-02-05 11:13:11",tencent,0,0,0,0
178871634,å¯ç–‘å¹¿å‘Š178871634,"2017-02-08 14:21:56",tencent,0,0,0,0
178580594,exliqndel309,"2017-02-05 15:02:15",tencent,1,0,0,0
178565215,xjiictdvx511,"2017-02-05 11:38:14",tencent,0,0,0,0
178562877,178562877,"2017-02-05 11:03:19",tencent,0,0,0,0
211646140,ä¸ºä½ å†™è¯—âœ¨å¯ä»¥,"2018-01-02 12:34:15",weibo,1,4,0,0
211646021,èƒ–åŠ³èµ„ç‹¬æ‰‹éœ¸å¤©ä¸‹i,"2018-01-02 12:32:31",weibo,1,1,0,0
211645783,/å‚§ç¬‘ä½äº†çœ‰çœ¼âˆ©_âˆ©,"2018-01-02 12:29:46",weibo,1,1,0,0
178563660,kuxfppjno050,"2017-02-05 11:11:52",tencent,0,0,0,0
242613710,ã€‚776943,"2018-07-27 00:29:26",tencent,1,0,0,0
178567484,pnynszxad666,"2017-02-05 12:06:27",tencent,0,0,0,0
178871548,å¯ç–‘å¹¿å‘Š178871548,"2017-02-08 14:21:01",tencent,0,0,0,0
178590283,178590283,"2017-02-05 16:56:26",tencent,0,0,0,0
178565230,hoofegzpp287,"2017-02-05 11:34:15",tencent,0,0,0,0
178564211,mbexsfari458,"2017-02-05 11:19:15",tencent,0,0,0,0
178564809,jskxwnxep311,"2017-02-05 11:27:56",tencent,0,0,0,0
178863862,ğŸ˜‹ğŸ˜‹ğŸ˜‹a3130323,"2017-02-08 12:55:32",tencent,0,0,0,0
178587227,qwvrnqjqg551,"2017-02-05 16:23:30",tencent,0,0,0,0
178566278,azmsxfrao806,"2017-02-05 11:49:05",tencent,0,0,0,0
178863450,umccjktht148,"2017-02-08 12:50:03",tencent,0,0,0,0
178588580,kxzyigqla883,"2017-02-05 16:39:21",tencent,0,0,0,0
178869493,rikorlsvk544,"2017-02-08 13:58:32",tencent,0,0,0,0
178871872,cbnfmrnzf760,"2017-02-08 14:23:06",tencent,0,0,0,0
178873694,auxxhbukd477,"2017-02-08 14:43:46",tencent,0,0,0,0
243941604,243941604,"2018-08-08 19:06:59",tencent,0,0,0,0
178567669,178567669,"2017-02-05 12:09:01",tencent,0,0,0,0
178859739,å†¥æ€ç”œæƒ³ğŸ‘Œ,"2017-02-08 12:04:11",tencent,0,0,0,0
238350335,gycWtaZUNk,"2018-06-19 08:15:51",weibo,0,0,0,0
178590447,exkpzjfqj416,"2017-02-05 16:55:54",tencent,0,0,0,0
211645502,dtdnlzvxlf,"2018-01-02 12:25:56",weibo,1,1,0,0
178865105,ğŸ˜‹ğŸ˜‹luyunting713,"2017-02-08 13:10:33",tencent,0,0,0,0
178862032,ayilrpqcl685,"2017-02-08 12:32:13",tencent,0,0,0,0
178568548,fdcqheqbd696,"2017-02-05 12:20:03",tencent,0,0,0,0
178565866,178565866,"2017-02-05 11:43:15",tencent,0,0,0,0
178860037,tdwmejvbr845,"2017-02-08 12:08:03",tencent,0,0,0,0
178869578,dtvkwibrd646,"2017-02-08 13:57:39",tencent,1,0,0,0
178861938,ğŸ’ğŸ’ğŸ’165359653,"2017-02-08 12:31:11",tencent,0,0,0,0
178870513,zwkgnluoy505,"2017-02-08 14:09:50",tencent,3,1,0,0
178865500,cuiyiwei52177444,"2017-02-08 13:14:43",tencent,0,0,0,0
178860445,ğŸ˜ˆsissdsfsd,"2017-02-08 12:13:25",tencent,0,0,0,0
178567036,uvsiuqerc560,"2017-02-05 12:00:07",tencent,0,0,0,0
178565821,gu352345345342534,"2017-02-05 11:42:43",tencent,0,0,0,0
178872588,df684321.,"2017-02-08 14:32:19",tencent,0,0,0,0
178873092,iuywmguux01,"2017-02-08 14:39:56",tencent,0,0,0,0
178580614,lsnapanig467,"2017-02-05 15:02:37",tencent,0,0,0,0
178562734,glclwefsy202,"2017-02-05 10:58:52",tencent,0,0,0,0
178591531,gmxmzixrx505,"2017-02-05 17:07:30",tencent,0,0,0,0
178860128,npwdjhxcg037,"2017-02-08 12:09:12",tencent,0,0,0,0
178865680,wfdrr443eyfyh444,"2017-02-08 13:15:07",tencent,1,0,0,0
178863084,cxxtmvjic160,"2017-02-08 12:45:38",tencent,0,0,0,0
178872827,ucsvhuuux030,"2017-02-08 14:33:10",tencent,0,0,0,0
178588663,å•µå•µå•¦å•¦å•¦å•¦å•¦,"2017-02-05 16:36:05",tencent,0,0,0,0
178566014,56135324231423423432,"2017-02-05 11:45:18",tencent,0,0,0,0
178874417,tqhobzjyf143,"2017-02-08 14:50:45",tencent,0,0,0,0
178872289,ebllcocyk007,"2017-02-08 14:29:15",tencent,0,0,0,0
160834246,147æ—ºæ—º147,"2016-09-19 17:41:06",tencent,3,8,0,0
178564388,njnbgnixz759,"2017-02-05 11:21:52",tencent,0,0,0,0
178867323,raqlpjanv960,"2017-02-08 13:34:45",tencent,0,0,0,0
178874627,ğŸ‘qishi_yuğŸ˜‚,"2017-02-08 14:54:23",tencent,0,0,0,0
178874448,ğŸ˜…14shi14,"2017-02-08 14:50:51",tencent,0,1,0,0
178579938,yuebetgai3321,"2017-02-05 14:56:26",tencent,0,0,0,0
187205334,187205334,"2017-05-12 17:44:04",phone,14,1,0,0
178582675,lfydfiabd922,"2017-02-05 15:28:02",tencent,0,0,0,0
178563126,pmnbbhljj8664,"2017-02-05 11:04:11",tencent,0,0,0,0
178583036,yypvmvwni076,"2017-02-05 15:32:17",tencent,0,0,0,0
178568362,dscyfewdb886,"2017-02-05 12:17:28",tencent,0,0,0,0
178563839,wgfpyerej178,"2017-02-05 11:18:24",tencent,0,0,0,0
188752522,ã€è¡¨å­å»æ­»,"2017-05-28 21:37:42",phone,0,0,0,0
246829974,246829974,"2018-09-07 23:37:01",phone,0,0,0,0
178563892,178563892,"2017-02-05 11:15:02",tencent,0,6,0,0
211645469,é—­è¶æ³³å¥ˆä½•æ¡¥,"2018-01-02 12:25:24",weibo,1,1,0,0
178873541,hrfketkhc667,"2017-02-08 14:40:30",tencent,0,0,0,0
